﻿<?xml version="1.0" encoding="utf-8"?>
<ModMetaData>
	<name>New Joy Source: Play Music</name>
	<author>Morbleue</author>
	<targetVersion>1.0.2059</targetVersion>
	<description>
	



Finally, music for the soul for b19 and v1!

This humble mod adds three music joys to the game while training social or artistic. 
1 -Humming is done in a private room. Even by a patient in his own bed. 
2- Playing the piano while sitting next to the instrument. 
3- Singing tunes on the karaoke machine. Needs power supply.

There are small XP gain in Artistic for humming and playing the piano while karaoke trains social. The xp gains are in line with similar items in the vanilla version (ex horseshoe, billiard). Also, the karaoke machine is attached to the "Tube Television" tech. Karaoke machine is unsuitable for an hospital.

The joy is of meditative (humming), social (piano) and passive (karaoke) types. I did not create a custom joy source as I felt it could create compatibility issues and was not needed.

In my mind this a very balanced addition to the game. This mod will make your recreation room more cozy and the "Tube Television" tech more desireable to unlock.

Currently works on beta 19, should work on v1. I did not make a big playtest on b19. If any bug please submit an issue with screenshots. And steps to reproduce. 

I am currently not actively on Steam and not playing much. But I still maintain for the community, ie for you guys!! 

Thanks! Enjoy!

	

	</description>
</ModMetaData>